url_length,has_ip,subdomain_count,dot_count,hyphen_count,at_symbol,double_slash_redirecting,prefix_suffix,shortening_service,suspicious_tld,digit_count,letter_count,special_char_count,entropy,has_https,domain_age_days,has_dns_record,num_external_links,num_internal_links,has_form,num_scripts,num_iframes,has_login_form,suspicious_keywords_count,label
37,0,1,3,0,0,0,0,0,0,0,30,7,3.787042812031905,0,-1,1,0,0,0,1,0,0,0,0
77,0,0,1,0,0,0,0,0,0,17,53,7,4.419864470453802,0,-1,1,0,0,0,0,0,0,0,1
126,0,3,4,1,0,0,0,0,0,19,88,19,4.753412094896157,1,-1,1,0,0,0,0,0,0,0,1
18,0,0,2,0,0,0,0,0,0,0,13,5,3.461320140211008,0,-1,1,24,25,1,26,0,0,4,0
55,0,1,2,2,0,0,0,0,0,0,45,10,4.097662278358699,0,-1,1,0,0,0,0,0,0,0,0
32,0,2,3,1,0,0,1,0,0,0,24,8,3.6665301730294653,0,-1,0,0,0,0,0,0,0,0,1
19,0,1,2,0,0,0,0,0,0,0,14,5,3.260828171224455,0,-1,1,18,3,1,19,0,0,1,0
81,0,1,2,0,0,0,0,0,0,21,52,8,4.771112319170577,0,-1,1,0,0,0,0,0,0,0,1
42,0,1,2,0,0,0,0,1,0,0,36,6,4.195539744052798,0,-1,1,73,39,0,10,0,0,0,0
104,0,0,1,10,0,0,0,0,0,8,78,18,4.481455590414628,1,-1,1,0,0,0,0,0,0,0,0
56,0,1,3,0,0,0,0,0,0,0,47,9,4.344566583470219,1,-1,1,1,9,0,7,0,0,0,0
43,0,1,2,3,0,0,0,0,0,8,26,9,4.286275219617123,1,-1,1,0,0,0,0,0,0,0,0
83,0,0,1,9,0,0,0,0,0,1,67,15,4.281211648465453,1,-1,1,65,76,1,25,2,0,3,0
31,0,0,2,0,0,0,0,0,0,2,23,6,3.8488846166291193,0,-1,1,0,0,0,0,0,0,0,1
25,0,1,2,0,0,0,0,0,0,0,19,6,3.7532696895151076,1,-1,1,0,0,0,0,0,0,0,0
51,0,1,3,0,0,0,0,0,0,1,40,10,4.444401999165797,0,-1,1,0,0,0,0,0,0,0,1
31,0,1,2,0,0,0,0,1,0,0,25,6,3.7843684875968617,1,-1,1,15,0,1,14,1,0,6,0
50,0,1,2,0,0,0,0,0,0,3,39,8,4.174177320667443,0,-1,0,0,0,0,0,0,0,0,1
34,0,1,2,0,0,0,0,0,0,0,27,7,4.0796786498829745,0,-1,1,0,0,0,0,0,0,0,1
27,0,1,2,0,0,0,0,0,0,4,17,6,4.032303242743954,0,-1,1,5,0,0,3,0,0,1,0
63,0,1,3,2,0,0,0,0,0,0,50,13,4.075590044566195,0,-1,1,23,0,1,44,1,0,6,0
66,0,1,2,4,0,0,0,1,0,0,55,11,4.2980550138102505,1,-1,1,177,29,1,45,0,0,6,0
40,0,0,2,0,0,0,0,0,0,4,28,8,4.393942707918268,0,-1,1,0,0,0,0,0,0,0,1
48,0,0,1,3,0,0,1,0,0,0,39,9,4.1551876989901,0,-1,1,0,0,0,0,0,0,0,0
126,0,3,4,1,0,0,0,0,0,12,96,18,4.710764845058316,0,-1,1,0,0,0,0,0,0,0,1
41,0,1,2,0,0,0,0,1,0,0,35,6,4.064392248309453,1,-1,1,4,1,1,5,0,0,4,1
36,0,1,2,0,0,0,0,0,0,0,30,6,4.141604167868593,1,-1,1,36,0,0,63,0,0,0,0
72,0,1,2,7,0,0,1,0,0,0,57,15,4.187132212342207,0,-1,1,0,0,0,0,0,0,0,0
68,0,3,4,0,0,0,0,0,0,11,48,9,4.552115370751692,0,-1,1,0,0,0,0,0,0,0,1
163,0,1,4,9,1,0,0,0,0,65,75,23,4.803363778168904,0,-1,1,0,0,0,0,0,0,0,1
26,0,1,2,0,0,0,0,0,0,0,20,6,3.921029621737614,0,-1,1,4,13,1,0,0,1,6,0
64,0,1,2,0,0,0,0,0,0,22,35,7,4.591578664259099,0,-1,1,0,0,0,0,0,0,0,1
36,0,3,4,0,0,0,0,1,0,9,19,8,4.239097917988785,0,-1,1,0,0,0,0,0,0,0,1
61,0,0,2,0,0,0,0,1,0,0,51,10,4.0864177725789865,0,-1,1,0,0,0,0,0,0,0,1
66,0,1,2,0,0,0,0,0,0,14,43,9,4.951379490761219,1,-1,1,25,0,1,10,0,0,0,0
35,0,1,2,0,0,0,0,0,0,0,29,6,4.068728288980287,1,-1,1,6,30,0,42,1,0,0,0
113,0,0,5,0,0,0,0,0,0,0,94,19,4.421436190177326,0,-1,0,0,0,0,0,0,0,0,1
41,0,1,2,4,0,0,0,0,0,0,32,9,3.6468455293152156,0,-1,1,26,27,1,18,3,0,0,0
23,0,1,2,1,0,0,1,0,0,0,16,7,3.6424896731661267,0,-1,1,0,0,0,0,0,0,0,0
31,0,1,2,1,0,0,0,0,0,0,25,6,4.039211536948156,0,-1,1,61,0,0,30,0,0,0,0
84,0,0,2,2,0,0,0,0,0,0,72,12,4.23580353402117,0,-1,1,0,0,0,0,0,0,0,1
29,0,1,2,0,0,0,0,0,0,0,23,6,4.0472990984266435,0,-1,1,0,0,0,0,0,0,0,1
98,0,1,2,2,0,0,1,0,0,29,55,14,4.825204589986269,0,-1,1,7,0,1,12,0,0,0,1
15,0,0,1,0,0,0,0,0,0,0,11,4,3.189898095464287,0,-1,1,0,7,1,16,0,0,0,0
65,0,1,2,0,0,0,0,0,0,0,54,11,4.308766613255314,0,-1,1,28,2,1,4,0,0,5,0
131,0,1,2,1,0,0,0,1,0,4,108,19,5.242899292283031,1,-1,1,0,0,1,34,0,0,0,1
50,0,1,2,1,0,0,1,0,0,0,42,8,4.191272380112911,1,-1,1,12,2,1,25,2,0,3,0
51,0,1,2,0,0,0,0,0,0,0,44,7,4.287539254067758,0,-1,0,0,0,0,0,0,0,0,1
45,0,1,3,0,0,0,0,0,0,6,30,9,4.322315530038771,1,-1,1,29,7,1,10,0,0,3,0
159,0,0,2,0,0,0,0,0,0,43,100,16,4.917410844470601,0,-1,1,0,0,0,0,0,0,0,1
44,0,1,2,1,0,0,0,0,0,10,26,8,4.618078209349709,1,-1,1,0,0,0,11,0,0,6,1
103,0,1,3,1,1,0,0,0,0,8,83,12,5.208074012864434,1,-1,0,0,0,0,0,0,0,0,1
46,0,2,4,0,0,0,0,0,0,0,36,10,4.013041446157795,0,-1,1,0,0,0,0,0,0,0,1
45,0,1,2,0,0,0,0,0,0,0,37,8,4.143607886039516,1,-1,1,0,0,0,0,0,0,0,0
51,0,1,3,0,0,0,0,0,0,0,42,9,4.0322539597804266,0,-1,1,0,0,0,0,0,0,0,1
38,0,1,3,0,0,0,0,0,0,0,30,8,3.893086896197163,0,-1,0,0,0,0,0,0,0,0,1
81,0,1,2,0,0,0,0,0,0,23,50,8,4.774811040285755,0,-1,1,0,0,0,0,0,0,0,1
112,0,1,2,10,0,0,0,1,0,0,95,17,4.309917821209997,0,-1,1,103,0,1,24,2,0,2,0
39,0,1,2,0,0,0,0,0,0,0,32,7,3.9233659245349726,1,-1,1,4,0,1,6,0,1,3,1
99,0,1,2,2,0,0,0,0,0,8,77,14,5.234860534743135,1,-1,1,0,0,0,0,0,0,0,1
45,0,1,2,1,0,0,0,0,0,0,38,7,4.224751985026256,1,-1,1,0,0,0,0,0,0,0,0
60,0,3,5,1,0,0,0,1,0,2,47,11,4.129085753935211,0,-1,1,0,0,0,0,0,0,0,1
74,0,1,3,0,0,0,0,0,0,6,51,17,4.635081832331412,0,-1,1,0,0,0,0,0,0,0,0
61,0,1,3,3,0,0,1,0,0,0,50,11,4.079332469209647,0,-1,1,4,19,1,6,0,0,0,0
40,0,3,4,0,0,0,0,1,0,5,28,7,4.215311532225101,1,-1,1,0,0,0,0,0,0,0,1
52,0,1,3,0,0,0,0,0,0,2,42,8,4.378727103656465,0,-1,0,0,0,0,0,0,0,0,1
88,0,2,7,1,1,0,0,1,0,0,73,15,4.325560813820691,1,-1,1,4,0,1,6,0,1,3,1
74,0,0,2,0,0,0,0,0,0,2,62,10,4.18588130783542,0,-1,1,1,2,0,12,0,0,1,0
46,0,1,2,1,0,0,0,0,0,3,34,9,4.468576629687865,0,-1,1,32,160,1,142,0,0,2,0
54,0,1,3,0,0,0,0,0,0,0,46,8,4.367964298652708,0,-1,1,0,0,0,0,0,0,0,0
54,0,0,1,1,0,0,1,0,0,0,45,9,4.233795548692773,0,-1,0,0,0,0,0,0,0,0,1
38,0,1,2,0,0,0,0,0,0,0,30,8,4.238334671954105,1,-1,1,0,0,0,0,0,0,0,0
67,0,1,2,3,0,0,0,0,0,0,56,11,4.361417557494121,0,-1,1,14,0,1,47,0,0,1,0
62,0,0,5,1,0,0,0,0,0,0,48,14,4.350294142705842,0,-1,0,0,0,0,0,0,0,0,1
59,0,0,3,0,0,0,0,0,0,4,45,10,4.342507092741192,0,-1,1,0,0,0,0,0,0,0,1
57,0,2,4,0,0,0,0,0,0,1,48,8,4.166333549959635,1,-1,1,0,0,0,0,0,0,0,1
32,0,0,1,1,0,0,0,0,0,0,25,7,3.9292292966721747,0,-1,1,2,123,1,13,1,0,0,0
46,0,1,2,0,0,0,0,0,0,0,38,8,3.9610771086455516,0,-1,0,0,0,0,0,0,0,0,1
37,0,1,2,0,0,0,0,0,0,0,30,7,4.003259028248121,1,-1,1,0,0,0,0,0,0,0,0
36,0,1,2,0,0,0,0,1,0,1,30,5,4.062305474194334,0,-1,1,6,0,1,7,0,0,0,1
52,0,0,2,0,0,0,0,0,0,2,40,10,4.187535209236147,0,-1,1,0,0,0,0,0,0,0,1
32,0,1,2,0,0,0,0,1,0,8,18,6,3.8431390622295662,0,-1,1,0,0,0,0,0,0,0,1
34,0,0,1,0,0,0,0,0,0,0,29,5,3.836600340868551,1,-1,1,4,2,1,10,0,0,0,0
27,0,1,3,0,0,0,0,0,0,0,20,7,3.6241717609419575,0,-1,1,0,0,0,0,0,0,0,0
92,0,0,2,1,0,0,0,0,0,28,52,12,4.706166744360949,0,-1,0,0,0,0,0,0,0,0,1
102,0,1,2,7,0,0,0,0,0,6,79,17,4.821601779987788,0,-1,1,0,1,0,40,1,0,0,0
32,0,1,2,0,0,0,0,0,0,0,26,6,4.007048827786958,1,-1,1,2,1122,1,12,0,0,38,0
29,0,1,2,0,0,0,0,0,0,0,23,6,3.853863219997788,1,-1,1,303,0,0,97,0,0,0,0
119,0,1,4,1,0,0,0,0,0,1,100,18,4.541303344505569,0,-1,1,0,0,0,0,0,0,0,1
59,0,1,2,0,0,0,0,0,0,4,46,9,4.348685533022554,1,-1,1,5,18,0,16,0,0,12,0
54,0,0,2,2,0,0,0,0,0,0,46,8,4.233795548692774,0,-1,1,36,22,1,3,2,0,97,0
151,0,0,3,1,1,0,0,0,0,41,101,9,5.1182175492354895,0,-1,0,0,0,0,0,0,0,0,1
84,0,1,3,5,0,0,0,0,0,3,67,14,4.355023566265563,0,-1,1,8,82,1,69,1,0,12,0
55,0,0,3,1,0,0,0,0,0,0,44,11,4.381473923348459,0,-1,1,1,30,0,27,0,0,0,1
18,0,0,1,0,0,0,0,0,0,0,13,5,3.3082708345352603,1,-1,1,8,25,1,36,1,0,0,0
39,0,1,2,0,0,0,0,0,0,0,33,6,4.060416641661804,1,-1,1,0,0,0,83,0,0,0,0
28,0,1,2,1,0,0,1,0,0,0,21,7,3.8962915290459277,1,-1,1,9,2,1,89,0,0,5,0
32,0,1,3,1,0,0,1,0,0,0,24,8,3.8431390622295662,0,-1,1,0,0,0,0,0,0,0,0
16,0,0,1,0,0,0,0,0,0,0,12,4,3.5,0,-1,1,136,73,1,28,0,0,0,0
23,0,0,1,0,0,0,0,0,0,0,17,6,3.708132064658602,0,-1,1,0,0,0,1,0,0,0,1
29,0,1,3,0,0,0,0,0,0,0,22,7,3.9952378913808873,0,-1,1,0,0,0,3,0,0,0,0
29,0,1,2,0,0,0,0,0,0,0,23,6,3.9262723741395082,1,-1,0,0,0,0,0,0,0,0,1
41,0,1,2,0,0,0,0,0,0,0,34,7,4.11073699294092,1,-1,1,16,1,1,9,0,0,0,0
22,0,0,1,0,0,0,0,1,0,4,13,5,4.027169118440616,1,-1,1,3,0,0,0,0,0,0,1
52,0,1,3,0,0,0,0,0,0,2,40,10,4.635361295347743,0,-1,0,0,0,0,0,0,0,0,1
38,0,1,3,0,0,0,0,0,0,1,27,10,3.9182084341546157,0,-1,1,0,0,0,0,0,0,0,1
30,0,1,3,0,0,0,0,0,0,0,23,7,4.0062389286533895,1,-1,1,1,3,0,143,0,0,0,0
76,0,3,4,1,0,0,0,0,0,8,58,10,4.409893507236863,0,-1,1,0,0,0,0,0,0,0,1
430,1,0,24,0,1,1,0,0,0,17,314,99,4.7147887327312095,0,-1,0,0,0,0,0,0,0,0,1
37,0,1,2,0,0,0,0,1,0,0,31,6,3.848249906801916,0,-1,1,6,0,0,30,0,0,0,0
73,0,1,3,5,0,0,0,0,0,5,56,12,4.385756848415241,0,-1,1,0,0,0,0,0,0,0,0
56,0,1,2,0,0,0,0,0,0,6,39,11,4.7334448240680045,0,-1,1,0,0,0,1,0,0,0,1
70,0,0,1,7,0,0,0,0,0,0,56,14,4.388361818902569,1,-1,1,6,4,0,26,1,0,1,0
70,0,1,3,0,0,0,0,0,0,0,60,10,4.425591860285231,0,-1,1,0,0,0,0,0,0,0,1
52,0,1,2,1,0,0,0,0,0,4,39,9,4.38815450741941,0,-1,1,4,21,1,30,1,0,8,0
31,0,1,2,1,0,0,1,0,0,0,24,7,3.8403471164197516,1,-1,1,17,98,1,4,0,1,5,0
90,0,1,4,0,0,0,0,1,0,22,57,11,4.598093131678854,1,-1,1,0,0,0,2,0,0,0,1
45,0,1,3,0,0,0,0,0,0,7,29,9,4.320096297369663,0,-1,1,22,2,1,15,0,0,0,0
55,0,1,3,0,0,0,0,0,0,2,44,9,4.490564832439369,0,-1,1,0,0,0,0,0,0,0,0
65,0,1,3,2,0,0,0,0,0,5,48,12,4.504394113022326,0,-1,0,0,0,0,0,0,0,0,1
41,0,1,2,1,0,0,0,0,0,3,31,7,4.113172736114331,0,-1,0,0,0,0,0,0,0,0,1
71,0,0,2,1,0,0,1,0,0,12,48,11,4.739339154893165,1,-1,0,0,0,0,0,0,0,0,1
83,0,1,2,0,0,0,0,0,0,6,65,12,5.006754715499977,1,-1,1,0,1,0,25,0,0,0,1
73,0,0,1,1,0,0,0,0,0,25,40,8,4.773958169341782,0,-1,1,3,0,0,1,0,0,0,1
44,0,1,2,2,0,0,0,0,0,9,27,8,4.555467129755084,0,-1,0,0,0,0,0,0,0,0,1
114,0,1,4,1,0,1,0,0,0,6,91,17,4.845000791663592,0,-1,1,56,0,1,17,1,0,14,1
127,0,3,4,1,0,0,0,0,0,20,89,18,4.845831026631984,1,-1,1,0,0,0,0,0,0,0,1
99,0,1,4,0,1,0,0,0,0,7,80,12,5.141475560017514,0,-1,0,0,0,0,0,0,0,0,1
56,0,1,2,1,0,0,1,0,0,0,45,11,4.518411895854318,0,-1,1,7,0,0,4,0,0,0,1
51,0,1,3,0,0,0,0,0,0,0,43,8,4.110685332329446,1,-1,1,0,0,0,0,0,0,0,0
51,0,0,5,0,0,0,0,0,0,0,41,10,3.861042196724363,0,-1,1,0,0,0,0,0,0,0,1
40,0,1,2,1,0,0,1,0,0,0,31,9,4.393942707918268,1,-1,1,0,0,0,0,0,0,0,0
33,0,1,3,0,0,0,0,0,0,0,23,10,3.861983513035609,0,-1,1,0,0,0,0,0,0,0,1
88,0,1,2,5,0,0,0,0,0,0,74,14,4.370833399832015,1,-1,1,31,0,1,14,1,0,14,0
122,0,1,2,0,0,0,0,0,0,6,95,21,4.121200690389197,1,-1,1,128,0,1,29,1,0,0,0
53,0,1,3,0,0,0,0,0,0,0,45,8,4.207102361466449,0,-1,1,0,88,1,4,0,0,0,0
46,0,5,6,1,0,0,0,0,0,4,31,11,4.338141847079169,1,-1,1,0,0,0,0,0,0,0,1
36,0,1,2,0,0,0,0,1,0,0,31,5,4.083274571476652,0,-1,1,6,0,1,7,0,0,0,1
31,0,1,2,0,0,0,0,0,0,0,25,6,3.8001821971347023,0,-1,1,24,1,1,10,0,0,13,0
48,0,1,2,2,0,0,0,0,0,0,37,11,4.147593366144262,1,-1,1,7,0,1,15,0,0,0,0
101,0,0,2,0,0,0,0,0,0,0,87,14,4.264700218300117,1,-1,1,0,0,0,0,0,0,0,1
41,0,1,3,0,0,0,0,0,0,0,33,8,4.277926089825634,0,-1,1,0,0,0,0,0,0,0,0
43,0,3,4,0,0,0,0,0,0,4,31,8,4.303830742923251,0,-1,1,0,0,0,0,0,0,0,1
15,0,0,1,0,0,0,0,0,0,0,11,4,3.506890595608518,0,-1,1,6,146,1,69,0,1,0,0
42,0,1,3,3,0,0,0,0,0,3,29,10,4.246151577840245,0,-1,1,1,2687,1,14,0,0,7,0
51,0,0,1,3,0,0,0,0,0,0,42,9,3.9530021170359873,0,-1,1,42,80,1,72,0,0,1,0
48,0,1,3,3,0,0,1,0,0,0,37,11,3.965199876515855,0,-1,1,0,0,0,0,0,0,0,1
49,0,0,1,0,0,0,0,0,0,0,41,8,4.245453029221314,0,-1,1,16,0,1,1,0,0,4,0
25,0,0,1,1,0,0,1,0,0,0,17,8,4.213660689688185,1,-1,1,6,16,0,5,1,0,0,1
49,0,1,2,2,0,0,0,1,0,1,38,10,4.00799441649887,1,-1,1,2,0,0,8,0,0,1,0
48,0,1,3,1,0,0,0,0,0,1,39,8,4.2665414066556515,0,-1,1,39,43,1,31,1,0,0,0
108,0,1,4,1,1,0,0,0,0,4,89,15,4.68675711922719,0,-1,0,0,0,0,0,0,0,0,1
39,0,0,2,0,0,1,0,0,0,0,32,7,4.028490680178816,0,-1,0,0,0,0,0,0,0,0,1
80,0,1,4,3,0,0,0,0,0,0,67,13,4.4995817701478344,0,-1,1,0,0,0,0,0,0,0,0
36,0,1,2,1,0,0,0,0,0,0,29,7,3.9749375012019263,0,-1,1,126,0,1,19,0,0,3,0
28,0,1,2,1,0,0,1,0,0,0,21,7,3.91379956460568,1,-1,1,25,0,1,68,1,0,0,0
33,0,1,2,0,0,0,0,0,0,2,25,6,4.513794876803093,1,-1,1,0,0,0,0,0,0,0,1
23,0,1,3,0,0,0,0,1,0,0,16,7,3.696624999159019,1,-1,1,0,0,0,0,0,0,0,0
77,0,1,2,5,0,0,0,0,0,0,65,12,4.311779809188084,1,-1,1,0,0,0,1,0,0,0,0
342,0,1,5,6,1,0,0,0,0,142,163,37,5.2988521944101725,1,-1,1,0,0,0,0,0,0,0,1
38,0,1,2,1,0,0,0,0,0,5,26,7,4.293594289588575,1,-1,1,0,0,0,0,0,0,0,1
73,0,1,2,5,0,0,0,0,0,0,61,12,4.2945545745150735,0,-1,1,177,0,1,61,1,0,0,0
33,0,1,2,0,0,0,0,0,0,0,26,7,4.12728313431329,1,-1,1,3,4,1,0,0,0,0,0
67,0,1,3,1,0,0,0,0,0,0,55,12,4.139601691100084,0,-1,1,0,0,0,0,0,0,0,1
39,0,1,2,0,0,0,0,0,0,2,30,7,4.201692923824033,1,-1,1,98,21,1,15,1,0,3,0
24,0,1,2,0,0,0,0,0,0,0,18,6,3.8035088547976788,1,-1,1,26,28,1,23,1,0,7,0
26,0,1,2,0,0,0,0,0,0,0,20,6,3.8441065448145375,1,-1,1,130,13,1,24,0,0,2,0
39,0,0,2,0,0,0,0,0,0,5,25,9,4.1604200911461655,1,-1,1,0,0,0,0,0,0,0,0
62,0,2,3,1,0,0,0,0,0,22,32,8,4.758406544460784,0,-1,0,0,0,0,0,0,0,0,1
41,0,0,2,1,0,0,0,0,0,0,33,8,4.241102309232295,0,-1,1,0,0,0,0,0,0,0,1
40,0,1,2,0,0,0,0,1,0,0,34,6,4.043942707918268,1,-1,1,0,0,0,0,0,0,0,1
51,0,1,3,2,0,0,1,0,0,0,42,9,4.18520041193298,0,-1,1,1,3,0,12,1,0,0,0
59,0,1,2,3,0,0,0,1,0,4,43,12,4.427584211531937,1,-1,1,0,0,0,0,0,0,0,0
50,0,1,3,0,0,0,0,0,0,0,41,9,3.921593511005629,1,-1,1,0,0,0,0,0,0,0,0
52,0,1,2,1,0,0,0,0,0,3,41,8,4.079965439170122,0,-1,1,0,0,0,0,0,0,0,1
43,0,0,2,1,0,0,0,0,0,0,35,8,3.9987280573706054,0,-1,1,0,0,0,0,0,0,0,1
94,0,1,3,4,0,0,0,0,0,12,69,13,4.325034001454413,0,-1,1,18,0,0,14,1,0,1,1
60,0,1,4,0,0,0,0,0,0,0,51,9,4.025756904931549,0,-1,1,0,0,0,0,0,0,0,0
18,0,0,1,0,0,0,0,0,0,0,14,4,3.6143694458867563,0,-1,1,17,4,1,6,0,0,2,0
204,0,1,2,1,0,0,0,1,0,27,162,15,5.6343465785242275,1,-1,1,0,0,0,2,0,0,4,1
94,0,2,7,0,1,0,0,1,0,15,65,14,4.688460097983368,1,-1,1,4,0,1,6,0,1,3,1
41,0,3,4,1,0,0,1,0,0,0,32,9,4.043544614839371,0,-1,0,0,0,0,0,0,0,0,1
19,0,1,2,0,0,0,0,0,0,3,10,6,3.576617644908665,0,-1,0,0,0,0,0,0,0,0,1
35,0,0,2,1,0,0,1,0,0,1,27,7,3.9760107890421,0,-1,0,0,0,0,0,0,0,0,1
63,0,0,3,0,0,0,0,0,0,0,53,10,4.163965146396304,0,-1,1,0,0,0,1,0,0,0,1
53,0,1,2,0,0,0,0,0,0,4,40,9,4.284458313732673,0,-1,1,0,0,0,0,0,0,0,1
75,0,3,4,3,0,0,0,1,0,0,60,15,4.177328825158426,0,-1,1,0,0,0,0,0,0,0,1
35,0,1,2,0,0,0,0,0,0,4,26,5,4.272140159802108,1,-1,1,0,0,0,0,0,0,0,1
210,0,1,4,1,0,0,0,0,0,14,159,37,5.335964154987066,1,-1,1,0,0,0,1,0,0,0,1
44,0,0,1,2,0,0,0,0,0,0,37,7,4.0360409258397825,1,-1,1,28,50,1,53,0,0,5,0
150,0,3,5,0,0,0,0,0,0,73,65,12,4.430847778121618,0,-1,0,0,0,0,0,0,0,0,1
39,0,1,3,1,0,0,0,0,0,0,30,9,4.028490680178816,0,-1,1,0,0,1,12,0,0,0,1
64,0,1,2,1,0,0,0,0,0,0,51,13,4.163702445739504,0,-1,1,0,0,0,0,0,0,0,1
106,0,1,4,4,0,0,0,0,0,17,71,18,5.034155776226639,1,-1,1,0,0,0,0,0,0,2,1
34,0,1,2,0,0,0,0,0,0,0,27,7,4.0286393118385755,1,-1,0,0,0,1,8,0,0,1,1
65,0,1,2,0,0,0,0,0,0,0,53,12,4.322314067428179,1,-1,1,0,0,0,0,0,0,0,0
60,0,1,3,1,0,0,0,0,0,2,45,13,4.309416071742446,0,-1,1,9,0,0,9,0,0,0,1
25,0,0,1,0,0,0,0,0,0,0,19,6,3.813660689688185,0,-1,0,0,0,0,0,0,0,0,1
39,0,1,2,0,0,0,0,0,0,5,27,7,4.291687154704211,0,-1,1,0,0,0,0,0,0,0,0
38,0,1,3,1,0,0,1,0,0,0,29,9,4.201231789474708,0,-1,1,0,0,0,0,0,0,0,0
129,0,0,2,1,0,0,0,0,0,3,103,23,5.238177620161939,1,-1,0,0,0,0,0,0,0,0,1
52,0,1,2,2,0,0,0,0,0,0,42,10,4.159802527016963,1,-1,1,18,130,0,20,5,0,0,0
30,1,0,3,0,0,0,0,0,0,11,11,8,3.8980685120588383,0,-1,0,0,0,0,0,0,0,0,1
33,0,1,2,0,0,0,0,0,0,0,27,6,3.861983513035609,1,-1,1,14,82,1,31,0,0,2,0
118,0,1,3,6,0,0,0,0,0,9,94,15,4.554342919025287,0,-1,1,1,7,1,14,0,0,1,0
27,0,0,1,1,0,0,1,0,0,0,22,5,3.8380398168981564,0,-1,1,5,16,1,74,0,0,0,0
78,0,1,3,0,0,0,0,0,0,13,49,16,4.645817969512606,0,-1,1,0,0,0,0,0,0,0,0
35,0,1,2,1,0,0,0,0,0,1,27,7,4.185867302411998,0,-1,1,1,0,0,1,0,0,0,1
32,0,0,1,1,0,0,1,0,0,0,25,7,3.902518266288633,0,-1,1,1,167,1,38,0,0,0,1
64,0,3,5,3,0,0,0,1,0,4,47,13,4.320967001462483,0,-1,1,0,0,0,0,0,0,0,1
38,0,1,2,1,0,0,0,0,0,3,28,7,4.293594289588574,1,-1,1,0,0,0,0,0,0,0,1
24,0,1,3,0,0,0,0,0,0,0,17,7,3.709147917027245,1,-1,1,84,0,1,22,0,0,0,0
68,0,1,3,0,0,0,0,0,0,0,59,9,4.287409488398752,0,-1,1,11,44,0,10,0,0,2,0
126,0,3,4,1,0,0,0,0,0,21,86,19,4.66956877015949,1,-1,1,0,0,0,0,0,0,0,1
41,0,1,2,0,0,0,0,0,0,0,33,8,4.161953223919209,1,-1,1,0,0,0,0,0,0,0,0
48,0,1,2,0,0,0,0,0,0,0,39,9,4.478308011580246,1,-1,1,0,0,0,0,0,0,0,0
29,0,1,2,0,0,0,0,0,0,0,23,6,3.9262723741395074,0,-1,1,9,0,0,17,0,0,0,0
24,0,1,2,0,0,0,0,0,0,0,18,6,3.740601562950723,1,-1,1,14,3,0,18,2,0,4,0
50,0,1,3,0,0,0,0,0,0,1,39,10,4.233269689515107,1,-1,1,193,1,1,18,1,0,4,0
126,0,3,4,1,0,0,0,0,0,15,93,18,4.7008103025168735,0,-1,1,0,0,0,0,0,0,0,1
39,0,1,2,0,0,0,0,0,0,0,30,9,4.162980744225907,1,-1,1,24,109,1,45,2,0,0,0
102,0,0,1,1,0,0,0,0,0,20,70,12,4.585580221161115,0,-1,0,0,0,0,0,0,0,0,1
31,0,1,2,0,0,0,0,0,0,2,23,6,4.147114052043201,0,-1,1,0,0,0,0,0,0,0,0
86,0,2,3,1,0,0,0,0,0,24,50,12,5.102851527630876,0,-1,0,0,0,0,0,0,0,0,1
78,0,1,2,4,0,0,0,0,0,8,55,15,4.658557949765055,1,-1,1,3,44,1,12,0,0,10,0
29,0,1,3,0,0,0,0,0,0,0,22,7,3.8573068568981284,1,-1,1,1,0,0,0,0,0,0,0
33,0,1,2,0,0,0,0,0,0,7,19,7,4.309101316131471,0,-1,1,0,0,0,0,0,0,0,0
27,0,0,1,1,0,0,1,0,0,0,20,7,3.8659986132745803,0,-1,0,0,0,0,0,0,0,0,1
24,0,1,2,0,0,0,0,0,0,0,18,6,3.6572682296173893,1,-1,1,12,0,1,19,1,0,0,0
39,0,1,2,0,0,0,0,0,0,0,32,7,3.9233659245349726,1,-1,1,30,83,0,26,1,0,7,0
28,0,1,2,1,0,0,0,0,0,0,22,6,4.208966082694624,0,-1,1,2,1,0,4,0,0,0,0
87,0,1,2,0,0,0,0,1,0,11,67,9,5.089511243413619,0,-1,1,0,0,0,0,0,0,0,1
43,0,1,2,0,0,0,0,0,0,0,35,8,4.106984383697434,0,-1,1,0,0,0,0,0,0,0,0
27,0,1,2,0,0,0,0,0,0,0,21,6,3.810081020521731,0,-1,1,10,169,1,31,1,0,0,0
101,0,1,2,9,0,0,0,0,0,8,74,19,4.51960578309583,0,-1,1,90,20,0,39,1,0,1,0
60,0,1,3,3,0,0,1,0,0,0,50,10,4.264468304875447,0,-1,1,5,16,1,22,0,0,3,0
38,0,1,3,0,0,0,0,0,0,0,29,9,4.306494947369445,0,-1,1,41,20,1,39,0,0,0,0
19,0,0,1,0,0,0,0,0,0,0,14,5,3.7474130395316396,1,-1,1,0,0,0,0,0,0,0,1
137,0,1,3,0,0,0,0,0,0,36,58,43,3.922508200422574,1,-1,1,4,1,1,11,2,0,0,0
263,0,12,14,1,0,0,0,0,0,34,200,29,5.345567892628931,0,-1,1,0,0,0,0,0,0,0,1
22,0,0,1,0,0,0,0,1,0,4,13,5,3.936260027531526,1,-1,1,0,0,0,0,0,0,0,1
89,0,0,3,0,0,0,0,0,0,1,73,15,4.456589015909593,0,-1,0,0,0,0,0,0,0,0,1
28,0,1,2,0,0,0,0,0,0,0,22,6,3.9407598325400897,1,-1,1,0,0,0,0,0,0,0,0
49,0,1,3,0,0,0,0,0,0,1,41,7,4.050848813848051,0,-1,1,25,19,1,26,1,0,0,0
45,0,3,4,2,0,0,0,1,0,3,32,10,4.266977196801592,1,-1,1,0,0,0,0,0,0,0,1
30,0,1,2,0,0,0,0,0,0,0,24,6,3.7898980954642876,0,-1,1,42,0,1,44,5,1,1,1
54,0,0,2,1,0,0,0,0,0,0,45,9,4.120835077024071,0,-1,1,0,0,0,0,0,0,0,1
29,0,1,2,0,0,0,0,0,0,0,24,5,3.909368063943885,0,-1,0,0,0,0,0,0,0,0,0
86,0,0,3,1,1,0,0,0,0,0,72,14,4.421954042031814,0,-1,1,0,0,0,0,0,0,0,1
26,0,1,2,0,0,0,0,0,0,2,18,6,3.9500637564362093,0,-1,0,0,0,0,0,0,0,0,1
83,0,1,2,0,0,0,0,0,0,9,62,12,4.724041618371038,1,-1,1,0,0,0,0,0,0,0,0
49,0,0,2,1,0,0,1,0,0,0,42,7,4.111674323875523,1,-1,0,0,0,0,0,0,0,0,1
33,0,1,2,0,0,0,0,0,0,7,19,7,4.369707376737533,0,-1,1,0,0,0,0,0,0,0,0
40,0,1,2,0,0,0,0,0,0,0,33,7,4.103055907333275,0,-1,1,37,3,1,29,1,0,1,0
56,0,1,2,3,0,0,0,0,0,0,45,11,4.307117985122874,0,-1,1,7,19,1,23,0,0,0,0
27,0,1,2,0,0,0,0,0,0,0,21,6,3.676390632579627,1,-1,1,21,0,1,108,1,0,0,0
70,0,1,3,4,0,0,1,1,0,0,59,11,4.328035839952227,0,-1,1,10,18,1,20,0,0,0,0
128,0,9,10,0,0,0,0,0,0,7,107,14,4.568664968892781,0,-1,1,0,0,0,0,0,0,0,1
25,0,0,1,0,0,0,0,0,0,3,17,5,4.213660689688184,0,-1,1,0,0,0,0,0,0,0,1
33,0,1,2,0,0,0,0,0,0,0,26,7,4.051821770808045,1,-1,1,0,0,0,83,0,0,0,0
52,0,1,2,1,0,0,0,0,0,0,44,8,4.1738228338092815,1,-1,1,21,54,1,15,0,0,1,0
31,0,1,2,0,0,0,0,0,0,0,25,6,3.7356660681024443,1,-1,1,7,0,1,41,1,0,34,0
41,0,1,2,0,0,0,0,1,0,4,31,6,4.226709858847345,1,-1,1,0,0,0,0,0,0,0,1
33,0,1,2,0,0,0,0,0,0,0,27,6,4.104407755459851,1,-1,1,1,0,1,41,0,0,1,0
32,0,0,1,1,0,0,1,0,0,0,26,6,4.108458593344349,1,-1,0,0,0,0,0,0,0,0,1
66,0,1,3,1,0,0,0,0,0,2,53,11,4.354651036439185,0,-1,1,0,0,0,0,0,0,0,0
85,0,1,2,7,0,0,0,0,0,8,60,17,4.471707885254594,1,-1,1,16,31,1,12,0,0,14,0
52,0,1,2,0,0,0,0,0,0,0,44,8,4.2892074491938965,1,-1,1,0,0,0,0,0,0,0,0
109,0,1,3,8,0,0,0,0,0,6,87,16,4.5567271604833275,1,-1,1,0,0,0,0,0,0,0,0
84,0,0,1,6,0,0,0,0,0,0,72,12,4.145610244817931,0,-1,1,0,0,0,0,0,0,0,0
110,0,1,2,1,0,0,0,0,0,14,85,11,5.290184432621492,1,-1,1,4,0,1,6,0,1,3,1
171,0,0,2,1,0,0,0,0,0,52,102,17,4.967635066856988,0,-1,1,0,0,0,0,0,0,0,1
17,0,0,1,0,0,0,0,0,0,0,12,5,3.2483650467509038,0,-1,0,0,0,0,0,0,0,0,0
19,0,0,1,0,0,0,0,0,0,0,15,4,3.2608281712244547,0,-1,1,0,1,0,0,0,0,1,0
98,1,0,4,0,0,0,0,0,0,28,54,16,4.642785743623148,0,-1,0,0,0,0,0,0,0,0,1
32,0,1,2,0,0,0,0,0,0,0,26,6,3.819548827786958,0,-1,1,0,0,0,0,0,0,0,1
28,0,1,3,0,0,0,0,0,0,0,22,6,3.9677201004744993,1,-1,1,0,0,0,0,0,0,0,0
64,0,1,3,0,0,0,0,0,0,2,51,11,4.386587797403417,0,-1,1,1,0,0,1,1,0,0,1
40,0,1,2,0,0,0,0,0,0,0,33,7,3.993942707918268,1,-1,1,0,0,0,0,0,0,0,0
132,0,1,2,1,0,0,0,1,0,15,102,15,5.363010150437366,1,-1,1,0,0,1,34,0,0,0,1
124,0,1,2,2,0,0,0,1,0,6,98,20,5.159250716031775,1,-1,1,0,0,1,34,0,0,0,1
51,0,0,2,0,0,0,0,0,0,0,42,9,3.944210332414287,0,-1,1,0,0,0,0,0,0,0,1
141,0,1,2,0,0,0,0,0,0,41,91,9,5.214059842598247,1,-1,1,0,0,0,0,0,0,0,1
126,0,3,4,1,0,0,0,0,0,16,92,18,4.753007758905342,0,-1,1,0,0,0,0,0,0,0,1
21,0,0,2,0,0,0,0,0,0,0,16,5,3.6537567082870006,0,-1,1,2,13,0,27,0,0,1,0
53,0,1,2,0,0,0,0,0,0,2,40,11,4.343315209558403,0,-1,1,0,0,0,4,0,0,0,0
27,0,1,2,0,0,0,0,0,0,0,21,6,3.8282375018429557,1,-1,1,33,42,1,33,0,0,4,0
76,0,0,2,0,0,0,0,0,0,21,46,9,4.6518719220469045,0,-1,0,0,0,0,0,0,0,0,1
79,0,1,2,6,0,0,0,0,0,0,66,13,4.233339134852567,0,-1,1,21,0,0,33,1,0,0,0
77,0,0,1,0,0,0,0,0,0,16,54,7,4.58098832806082,0,-1,1,0,0,0,0,0,0,0,1
35,0,1,2,0,0,0,0,0,0,0,27,8,3.8401568604088587,1,-1,1,3,451,1,15,1,1,4,0
56,0,1,3,2,0,0,0,0,0,0,47,9,4.29583344144878,1,-1,1,0,0,1,24,0,0,0,0
49,0,1,3,0,0,0,0,0,0,4,36,9,4.123004049629476,0,-1,1,0,0,0,0,0,0,0,0
41,0,1,2,0,0,0,0,0,0,0,34,7,4.122693700152457,0,-1,1,2,285,1,10,1,0,1,0
84,0,0,2,0,0,0,0,0,0,23,51,10,4.769545221842161,0,-1,1,0,0,0,0,0,0,0,1
29,0,1,2,0,0,0,0,0,0,0,23,6,3.909368063943885,1,-1,1,18,9,1,8,1,0,3,0
21,0,1,2,0,0,0,0,0,0,0,15,6,3.5585186130489057,1,-1,1,0,0,0,0,0,0,0,0
35,0,1,3,0,0,0,0,0,0,0,27,8,4.050013373778755,0,-1,1,0,0,0,0,0,0,0,0
28,0,1,2,2,0,0,1,0,0,0,20,8,3.7979026896829478,1,-1,1,0,116,1,49,0,0,0,0
97,0,1,5,0,1,0,0,0,0,0,81,16,4.4598097263261165,1,-1,1,0,0,0,0,0,0,0,1
36,0,0,1,0,0,0,0,1,0,0,30,6,3.7845276964165557,0,-1,0,0,0,0,0,0,0,0,1
63,0,1,3,2,0,0,0,0,0,0,53,10,4.068472885586725,1,-1,1,0,0,0,0,0,0,0,0
24,0,0,2,0,0,0,0,0,0,0,19,5,3.9182958340544896,0,-1,1,0,0,0,0,0,0,0,0
40,0,1,2,0,0,0,0,1,0,1,34,5,4.008694969562842,0,-1,1,6,0,1,7,0,0,0,1
85,0,0,2,1,0,0,0,0,0,0,71,14,4.247948473388077,0,-1,1,0,0,0,0,0,0,0,1
56,0,3,5,2,0,0,0,1,0,6,39,11,4.581833663430985,0,-1,1,0,0,0,0,0,0,0,1
49,0,0,2,0,0,0,0,0,0,0,40,9,4.107598182238386,0,-1,0,0,0,0,0,0,0,0,1
23,0,0,1,0,0,0,0,0,0,0,18,5,3.588354347173234,1,-1,0,0,0,0,0,0,0,0,1
64,0,0,2,1,0,0,0,0,0,0,53,11,4.371018072054204,1,-1,0,0,0,0,0,0,0,0,1
46,0,1,3,1,0,0,0,0,0,2,33,11,4.398030705821853,1,-1,1,0,0,0,0,0,0,0,1
36,0,0,2,0,0,0,0,0,0,0,28,8,4.006749918638778,0,-1,1,0,0,0,0,0,0,0,1
29,0,1,2,0,0,0,0,0,0,2,22,5,4.1162646156680225,0,-1,1,0,0,0,0,0,0,0,0
55,0,1,2,1,0,0,0,0,0,3,44,8,4.074554204780528,0,-1,1,0,0,0,0,0,0,0,1
45,0,1,2,0,0,0,0,0,0,0,38,7,4.136437130558764,0,-1,1,23,19,1,12,0,0,0,0
33,0,1,2,0,0,0,0,0,0,0,27,6,4.006071013101169,0,-1,1,21,0,0,21,0,0,0,0
231,0,0,3,1,0,0,0,0,0,92,119,20,4.834476378718605,1,-1,0,0,0,0,0,0,0,0,1
30,0,1,2,0,0,0,0,0,0,0,24,6,3.7362434129830606,1,-1,0,0,0,0,0,0,0,0,1
31,0,1,2,0,0,0,0,0,0,0,25,6,3.8245334068819106,0,-1,1,30,6,1,12,1,0,0,0
27,0,1,2,1,0,0,1,0,0,0,20,7,3.763965742824082,1,-1,1,5,38,1,4,0,0,0,0
81,0,1,2,0,0,0,0,0,0,21,52,8,4.811891751120947,0,-1,1,0,0,0,0,0,0,0,1
58,0,1,2,4,0,0,0,0,0,7,41,10,4.385841719519742,1,-1,1,0,0,0,0,0,0,0,0
28,0,1,2,0,0,0,0,1,0,0,22,6,3.9677201004744993,1,-1,1,7,35,1,17,0,0,0,0
25,0,1,2,0,0,0,0,0,0,0,19,6,3.589275070710713,1,-1,1,20,0,1,25,3,0,2,0
87,0,0,5,0,0,0,0,0,0,2,72,13,4.443539222022284,0,-1,0,0,0,0,0,0,0,0,1
28,0,1,2,0,0,0,0,0,0,0,22,6,3.940759832540089,1,-1,1,1,0,0,21,0,0,0,0
133,0,1,2,12,0,0,0,0,0,8,102,23,4.584145045631968,1,-1,1,0,0,0,0,0,0,0,0
26,0,1,3,0,0,0,0,0,0,0,19,7,3.891995487039019,1,-1,1,20,30,1,54,1,0,12,0
36,0,0,1,0,0,0,0,0,0,0,28,8,3.800919098243859,0,-1,1,0,0,0,0,0,0,0,1
29,0,0,1,0,0,0,0,0,0,0,24,5,4.1162646156680225,1,-1,0,0,0,0,0,0,0,0,1
37,0,1,2,1,0,0,0,1,0,0,30,7,3.925405392539033,1,-1,1,0,0,0,0,0,0,0,1
33,0,1,2,0,0,0,0,0,0,0,27,6,3.937444876540854,1,-1,1,2,0,1,11,0,0,6,0
47,0,1,2,4,0,0,0,0,0,0,37,10,4.280667511657909,0,-1,1,29,10,1,144,1,0,25,0
26,0,1,2,0,0,0,0,0,0,3,17,6,3.9500637564362093,1,-1,1,34,165,1,9,0,1,21,0
93,0,1,5,1,1,0,1,0,0,2,74,17,4.58473005379406,0,-1,1,0,0,0,0,0,0,0,1
44,0,3,4,0,0,0,0,0,0,0,35,9,4.226143834398879,0,-1,1,1,0,1,3,0,0,0,0
34,0,1,2,0,0,0,0,0,0,0,28,6,3.939829017466402,0,-1,1,0,0,0,0,0,0,0,1
63,0,1,2,5,0,0,0,0,0,0,51,12,4.266984590772068,0,-1,1,96,1,1,57,0,0,3,0
56,0,3,5,2,0,0,0,1,0,9,36,11,4.496924958035209,1,-1,1,0,0,0,0,0,0,0,1
28,0,1,2,0,0,0,0,1,0,3,20,5,3.8518232255517666,1,-1,1,0,0,0,0,0,0,0,1
51,0,1,3,4,0,0,1,1,0,0,40,11,4.140288763786837,0,-1,1,11,45,0,20,2,0,1,0
50,0,0,3,0,0,0,0,0,0,3,39,8,4.0880471909383065,0,-1,1,54,0,1,17,1,0,13,1
70,0,1,3,1,0,0,0,0,0,6,53,11,4.421213196192992,0,-1,1,2,26,1,34,0,0,3,0
41,0,1,2,0,0,0,0,0,0,2,29,10,4.326706577630512,0,-1,1,25,27,0,6,0,0,0,0
74,0,1,2,4,0,0,0,0,0,7,56,11,4.355959912979334,0,-1,1,0,0,0,0,0,0,0,0
26,0,1,2,0,0,0,0,0,0,0,20,6,3.9500637564362093,1,-1,1,47,0,1,25,2,0,2,0
114,0,1,3,10,0,0,0,0,0,6,89,19,4.432229685845145,1,-1,1,25,2,1,29,0,0,5,0
49,0,0,1,1,0,0,0,0,0,0,42,7,4.027476425527099,0,-1,1,0,0,0,0,0,0,0,1
26,0,1,2,0,0,0,0,0,0,0,20,6,3.8150724101159423,1,-1,1,6,1,1,43,0,0,0,0
42,0,1,2,1,0,0,0,0,0,0,33,9,4.127569435189147,1,-1,1,10,519,1,16,0,0,9,0
28,0,0,1,0,0,0,0,0,0,0,23,5,3.869331261111518,1,-1,1,12,187,1,93,3,0,0,0
29,0,1,2,0,0,0,0,0,0,0,23,6,3.9952378913808873,1,-1,0,13,0,1,20,1,0,1,0
32,0,1,2,0,0,0,0,0,0,0,25,7,3.8042292966721747,0,-1,1,0,0,0,0,0,0,0,0
34,0,1,2,1,0,0,0,0,0,1,26,7,4.175123135113461,1,-1,1,0,0,0,0,0,0,0,1
51,0,1,2,1,0,0,1,0,0,0,39,12,4.398038705506969,0,-1,0,0,0,0,0,0,0,0,1
78,0,1,2,7,0,0,0,1,0,0,64,14,4.303013995256371,1,-1,1,0,0,0,0,0,0,0,0
43,0,3,4,0,0,0,0,0,0,0,35,8,4.0078061858720755,0,-1,0,0,0,0,0,0,0,0,1
154,0,1,2,1,0,0,0,1,0,14,117,23,5.289677755803848,1,-1,1,0,0,0,0,0,0,0,1
35,0,1,3,0,0,0,0,0,0,0,28,7,3.971302302288371,1,-1,1,12,2,1,51,0,0,0,0
54,0,1,3,1,0,0,0,0,0,0,46,8,3.9489052156325104,0,-1,1,0,0,0,8,0,0,0,0
35,0,1,2,0,0,0,0,0,0,0,29,6,4.047160074632759,0,-1,0,0,0,0,0,0,0,0,0
25,0,0,1,0,0,0,0,0,0,0,20,5,3.8332696895151077,1,-1,1,0,0,0,1,0,0,0,0
27,0,1,2,0,0,0,0,0,0,0,21,6,3.8561962982193805,0,-1,0,0,0,0,0,0,0,0,0
61,1,0,4,0,0,0,0,0,0,9,40,12,4.772881755872873,0,-1,0,0,0,0,0,0,0,0,1
41,0,1,2,0,0,0,0,0,0,0,35,6,4.0346536885808275,0,-1,1,3,14,1,20,1,0,0,1
47,0,0,2,0,0,0,0,0,0,0,38,9,3.9611026178567625,0,-1,1,3,0,0,6,0,0,0,1
19,0,1,2,0,0,0,0,0,0,0,13,6,3.3918926446809317,0,-1,1,0,73,1,24,0,0,0,0
38,0,1,2,1,0,0,0,0,0,0,31,7,4.11583409216322,1,-1,1,0,0,0,0,0,0,0,0
64,0,1,3,3,0,0,1,0,0,6,46,12,4.327569336880353,0,-1,1,12,0,0,3,0,0,1,0
271,0,1,5,0,0,0,0,0,0,84,162,25,4.800034989733084,0,-1,1,0,0,0,0,0,0,0,1
50,0,0,1,0,0,0,0,0,0,0,41,9,4.013340441068115,0,-1,1,0,0,0,0,0,0,0,1
80,0,1,3,6,0,0,0,1,0,7,58,15,4.529749859046178,1,-1,1,140,7,1,9,0,1,4,0
67,0,0,2,0,0,0,0,0,0,0,58,9,4.277306034756813,1,-1,0,0,0,0,0,0,0,0,1
282,0,1,3,1,0,0,0,1,0,59,192,31,5.560336109526664,1,-1,1,0,0,1,34,0,0,0,1
144,0,1,2,2,0,0,0,1,0,6,119,19,5.144674915803757,1,-1,1,0,0,1,34,0,0,0,1
52,0,0,1,1,0,0,0,0,0,4,40,8,4.443053603040049,0,-1,0,0,0,0,0,0,0,0,1
28,0,1,2,0,0,0,0,0,0,0,22,6,3.797902689682947,1,-1,1,12,34,1,14,0,0,0,0
50,0,1,3,0,0,0,0,0,0,0,41,9,4.003590820407827,1,-1,1,0,0,0,0,0,0,0,0
60,0,1,3,1,0,0,0,0,0,13,33,14,4.658659712448833,0,-1,0,0,0,0,0,0,0,0,0
87,0,1,2,4,0,0,0,0,0,2,74,11,4.190615874980422,1,-1,1,0,0,0,1,0,0,0,0
35,0,1,3,0,0,0,0,0,0,4,24,7,3.935727659493041,0,-1,0,0,0,0,0,0,0,0,1
102,0,1,4,0,0,0,0,0,0,25,63,14,4.691362783965064,0,-1,0,0,0,0,0,0,0,0,1
63,0,1,2,0,0,0,0,0,0,9,46,8,4.996733296344086,1,-1,1,58,64,1,12,2,0,0,0
36,0,1,2,1,0,0,0,0,0,0,29,7,4.218128820706467,1,-1,1,0,0,0,1,0,0,0,1
21,0,1,2,0,0,0,0,0,0,0,15,6,3.52257158913636,1,-1,1,17,15,1,25,0,0,8,0
238,0,1,3,8,0,0,0,0,0,75,128,35,5.359925977235665,1,-1,1,0,0,0,7,0,0,0,1
36,1,0,4,0,0,0,0,0,0,10,18,8,4.127986806877675,0,-1,0,0,0,0,0,0,0,0,1
38,0,1,2,0,0,0,0,0,0,0,32,6,4.108869289360841,1,-1,1,4,0,0,10,1,0,0,0
88,1,0,5,2,0,0,0,0,0,15,57,16,4.527543058261796,0,-1,0,0,0,0,0,0,0,0,1
29,0,1,2,0,0,0,0,0,0,0,23,6,3.71937582241537,0,-1,1,0,0,0,0,0,0,0,1
27,0,1,2,0,0,0,0,0,0,0,21,6,3.810081020521731,0,-1,0,0,0,0,0,0,0,0,1
101,0,1,2,1,0,0,0,0,0,11,79,11,5.259040815651282,1,-1,1,0,0,0,0,0,0,0,1
18,0,0,2,0,0,0,0,0,0,0,13,5,3.7254805569978675,0,-1,0,0,0,0,0,0,0,0,0
27,0,1,2,0,0,0,0,1,0,0,20,7,3.5137847242254345,0,-1,1,0,0,0,0,0,0,0,1
28,0,1,2,0,0,0,0,0,0,1,20,7,3.9677201004744997,1,-1,1,79,0,1,19,1,0,9,0
36,0,0,1,1,0,0,0,0,0,1,28,7,4.162573265150911,0,-1,1,0,0,0,5,0,0,0,1
53,0,1,2,0,0,0,0,0,0,0,44,9,4.335949935491173,0,-1,1,1,3,1,4,1,0,0,0
66,0,1,3,1,0,0,0,0,0,10,44,12,4.556806097125364,0,-1,1,1,0,1,10,0,0,0,1
35,0,1,2,0,0,0,0,1,0,0,29,6,3.797020431713803,1,-1,1,0,0,0,0,0,0,0,1
27,0,0,1,0,0,0,0,0,0,1,21,5,3.958229168669879,1,-1,1,0,0,0,0,0,0,0,1
21,1,0,3,0,0,0,0,0,0,10,4,7,3.4273334938982645,0,-1,0,0,0,0,0,0,0,0,1
123,0,1,2,15,0,0,0,0,0,7,94,22,4.4773127064983695,0,-1,1,0,0,0,0,0,0,0,0
47,0,1,4,0,0,0,0,0,0,0,38,9,4.075657468606851,0,-1,1,0,0,0,4,0,0,0,0
59,0,1,3,3,0,0,0,0,0,2,46,11,4.312385372851768,1,-1,1,11,3,0,10,2,0,3,0
15,0,0,1,0,0,0,0,0,0,1,9,5,3.4565647621309536,0,-1,1,0,8,1,1,0,0,0,1
26,0,1,2,0,0,0,0,0,0,0,20,6,3.584303179346712,0,-1,1,9,40,0,15,0,0,0,0
82,0,3,5,3,0,0,0,1,0,9,57,16,4.714829755785918,1,-1,1,0,0,0,0,0,0,0,1
77,0,1,2,0,0,0,0,0,0,0,65,12,4.439925625105311,1,-1,1,0,0,0,0,0,0,0,0
38,0,1,3,0,0,0,0,0,0,3,26,9,4.178738290204357,1,-1,1,0,0,0,0,0,0,0,1
39,0,1,2,0,0,0,0,1,0,0,34,5,4.055295335502323,0,-1,1,0,0,0,0,0,0,0,1
42,0,1,2,0,0,0,0,0,0,0,34,8,4.183867720346297,1,-1,1,0,0,0,0,0,0,0,0
33,0,1,2,0,0,0,0,0,0,0,26,7,3.9225895736416696,1,-1,1,7,120,1,32,0,0,0,0
53,0,1,2,3,0,0,0,1,0,0,43,10,4.521955417565205,0,-1,1,0,0,0,0,0,0,0,1
44,0,1,3,1,0,0,0,0,0,2,33,9,4.3736489479369025,0,-1,1,0,0,0,4,0,0,0,0
23,0,1,2,0,0,0,0,0,0,0,17,6,3.6753108689123644,0,-1,1,17,254,1,50,2,0,0,0
17,0,0,1,0,0,0,0,0,0,0,13,4,3.4548223999466066,0,-1,0,0,0,0,0,0,0,0,0
26,0,1,2,0,0,0,0,0,0,0,20,6,3.8150724101159423,0,-1,1,9,0,0,1,0,0,2,0
129,0,4,5,1,0,0,0,0,0,20,89,20,4.754931911420563,0,-1,1,0,0,0,0,0,0,0,1
42,0,1,2,2,0,0,0,0,0,5,29,8,4.214128292889141,0,-1,1,0,0,0,0,0,0,0,1
52,0,1,2,0,0,0,0,0,0,2,42,8,4.036106305756777,0,-1,1,0,0,0,0,0,0,0,0
27,0,1,2,0,0,0,0,0,0,1,20,6,3.930270372293455,0,-1,1,0,0,0,0,0,0,0,0
43,0,1,3,0,0,0,0,0,0,6,28,9,4.34186497602557,0,-1,1,17,0,1,10,0,0,3,0
28,0,1,2,1,0,0,0,1,0,0,21,7,3.740415529881632,0,-1,1,85,318,1,14,0,0,0,0
97,0,1,3,1,0,0,0,0,0,4,79,14,4.493789714291881,1,-1,1,0,0,0,0,0,0,0,0
28,0,1,2,0,0,0,0,0,0,0,22,6,3.842370993177109,0,-1,1,0,0,0,0,0,0,0,1
27,0,1,2,0,0,0,0,0,0,0,21,6,4.004344446367529,0,-1,0,0,0,0,0,0,0,0,0
35,0,1,3,0,0,0,0,0,0,0,28,7,3.840156860408858,0,-1,0,0,0,0,0,0,0,0,1
62,0,1,2,2,0,0,0,0,0,0,53,9,4.274535576718848,1,-1,1,0,0,0,0,0,0,0,0
127,0,3,4,1,0,0,0,0,0,24,85,18,4.831540342793536,1,-1,1,0,0,0,0,0,0,0,1
29,0,1,2,0,0,0,0,0,0,2,22,5,4.03039478823102,0,-1,1,12,0,0,0,0,0,0,1
33,0,1,2,0,0,0,0,0,0,0,26,7,3.725916088924304,0,-1,1,0,0,0,0,0,0,0,1
72,0,1,3,1,0,0,0,0,0,6,52,14,4.567145967883179,0,-1,1,6,1,1,10,0,0,0,0
33,0,1,2,0,0,0,0,0,0,0,28,5,3.991215710201985,1,-1,1,7,0,1,51,0,0,2,0
40,0,1,2,0,0,0,0,0,0,0,33,7,4.096439344671015,0,-1,1,37,3,1,29,1,0,0,0
61,0,3,5,2,0,0,0,1,0,1,49,11,4.188854659062376,0,-1,1,0,0,0,0,0,0,0,1
51,0,1,2,0,0,0,0,0,0,0,43,8,3.934284108361806,0,-1,1,2,0,0,24,1,0,0,0
44,0,0,1,3,0,0,0,0,0,0,36,8,4.367633890971211,1,-1,1,12,176,1,28,1,0,1,0
259,0,1,2,1,0,0,0,0,0,31,220,8,5.580021699729212,0,-1,1,50,0,1,17,1,0,14,1
57,0,1,2,0,0,0,0,0,0,0,47,10,4.257618962553848,0,-1,1,0,0,0,0,0,0,0,1
31,0,1,2,0,0,0,0,0,0,0,25,6,4.042433003725894,1,-1,1,29,0,1,297,1,0,5,0
47,0,0,3,0,0,0,0,0,0,0,38,9,4.291097830714784,0,-1,1,0,0,0,0,0,0,0,1
93,0,1,3,6,0,0,0,0,0,0,76,17,4.516918156090225,0,-1,1,8,0,1,12,0,0,50,0
49,0,1,2,1,0,0,0,0,0,0,41,8,4.091665140378663,0,-1,1,37,3,1,29,1,0,0,0
22,0,1,2,0,0,0,0,0,0,0,16,6,3.7544418457133446,1,-1,1,2,15,1,18,0,0,4,0
45,0,1,2,0,0,0,0,0,0,0,38,7,4.224751985026255,1,-1,1,3,2,1,7,0,0,1,0
105,0,1,2,1,0,0,0,1,0,10,81,14,5.243183761429186,1,-1,1,0,0,1,34,0,0,0,1
109,0,1,4,0,1,0,0,1,0,7,90,12,5.141838917120721,1,-1,0,0,0,0,0,0,0,0,1
40,0,1,2,0,0,0,0,0,0,0,35,5,4.165311532225102,0,-1,0,0,0,0,0,0,0,0,0
24,0,0,1,0,0,0,0,0,0,5,14,5,4.0220552088742005,0,-1,1,0,0,0,0,0,0,0,1
37,0,1,2,0,0,0,0,0,0,0,29,8,3.7843437452721784,0,-1,1,53,0,1,17,1,0,13,1
152,0,1,2,20,0,0,0,0,0,0,126,26,4.417648855839261,1,-1,1,0,0,0,0,0,0,0,0
124,0,4,5,0,0,0,0,0,0,22,83,19,4.8106749938153825,1,-1,1,0,0,0,0,0,0,0,1
35,0,1,2,0,0,0,0,0,0,4,25,6,4.207435516759525,0,-1,1,0,0,0,0,0,0,0,1
126,0,3,4,1,0,0,0,0,0,24,84,18,4.78196556036753,0,-1,1,0,0,0,0,0,0,0,1
51,0,1,3,1,0,0,0,0,0,7,34,10,4.3048056172292535,0,-1,1,37,0,0,14,1,0,0,0
126,0,1,3,4,0,0,0,0,0,47,64,15,4.8755641039481805,0,-1,0,0,0,0,0,0,0,0,1
49,0,1,2,0,0,0,0,0,0,0,42,7,4.041701549837171,0,-1,1,26,19,1,12,0,0,0,0
46,0,1,2,1,0,0,0,0,0,0,38,8,4.2924925977289545,1,-1,1,6,429,1,12,1,0,1,0
31,0,1,2,0,0,0,0,0,0,0,25,6,4.018081793978685,1,-1,1,0,0,0,83,0,0,0,0
45,0,1,2,0,0,0,0,0,0,0,36,9,4.29464636342018,0,-1,1,12,42,1,20,1,0,1,0
36,0,1,2,0,0,0,0,0,0,0,30,6,3.967585764910526,1,-1,1,40,163,1,26,0,0,2,0
56,0,1,2,0,0,0,0,0,0,5,42,9,4.454239966507295,0,-1,1,0,0,0,0,0,0,0,0
54,0,1,2,0,0,0,0,0,0,2,44,8,4.3430572992462935,0,-1,1,0,0,0,0,0,0,0,0
76,0,3,4,1,0,0,0,0,0,9,57,10,4.47759412602274,0,-1,1,0,0,0,0,0,0,0,1
29,0,1,2,0,0,0,0,0,0,0,23,6,3.926272374139508,1,-1,1,0,0,0,0,0,0,0,0
70,0,1,2,1,0,0,0,0,0,4,55,11,4.927297795696143,1,-1,1,0,0,0,0,0,0,0,1
22,1,0,3,0,0,0,0,0,0,11,4,7,3.538310595615006,0,-1,0,0,0,0,0,0,0,0,1
46,0,1,2,0,0,0,0,0,0,0,40,6,4.074191641642728,0,-1,1,4,0,0,15,0,0,0,0
53,0,1,2,4,0,0,0,0,0,0,43,10,4.072286379811228,0,-1,1,34,8,1,147,2,0,25,0
105,0,1,5,0,0,0,0,0,0,1,88,16,4.244506510338798,0,-1,1,0,0,0,0,0,0,0,1
64,0,1,2,0,0,0,0,0,0,13,40,11,4.652518266288633,1,-1,1,1,0,0,18,0,0,0,0
29,0,1,2,0,0,0,0,0,0,0,23,6,3.926272374139508,1,-1,1,0,39,1,35,1,0,0,0
47,0,1,3,0,0,0,0,0,0,0,39,8,4.1878052142834346,0,-1,1,0,1,0,2,0,0,0,0
126,0,1,3,4,0,0,0,0,0,39,72,15,4.734935850112207,0,-1,0,0,0,0,0,0,0,0,1
37,0,1,2,0,0,0,0,0,0,0,31,6,3.9651533651611732,1,-1,1,21,427,1,28,1,0,2,0
42,0,1,2,0,0,0,0,0,0,0,34,8,4.044003363657553,1,-1,1,15,2,0,7,0,0,1,0
15,0,0,1,0,0,0,0,0,0,0,11,4,3.4565647621309536,0,-1,1,153,0,1,70,1,0,0,0
44,0,1,3,0,0,0,0,0,0,7,29,8,4.481714572986074,0,-1,1,2,0,0,8,0,0,0,0
71,0,1,3,1,0,0,1,0,0,0,59,12,4.363690782174053,0,-1,1,0,0,0,0,0,0,0,0
72,0,0,2,0,0,0,0,0,0,2,60,10,4.804109773280683,1,-1,1,1,0,0,25,3,0,0,1
48,0,1,3,0,0,0,0,0,0,0,40,8,4.103846168850305,1,-1,1,0,0,0,0,0,0,0,0
29,0,1,2,1,0,0,0,1,0,2,21,6,4.28022625367366,0,-1,1,25,5,1,18,0,0,3,0
71,0,1,2,2,0,0,0,0,0,15,46,10,4.538792239998412,1,-1,1,0,0,1,19,0,0,0,0
32,0,1,2,0,0,0,0,1,0,1,25,6,4.093139062229566,0,-1,1,0,0,0,0,0,0,0,0
59,0,1,2,0,0,0,0,0,0,23,29,7,4.719436431004371,0,-1,1,0,0,0,2,0,0,0,1
55,0,1,2,1,0,0,0,0,0,0,48,7,4.27419875007773,0,-1,1,0,0,0,0,0,0,0,1
26,0,1,2,0,0,0,0,0,0,0,20,6,4.026986833359286,1,-1,1,73,0,1,11,0,0,0,0
32,0,0,2,0,0,0,0,0,0,0,24,8,3.7928377974034158,0,-1,1,0,0,0,0,0,0,0,1
34,0,1,2,0,0,0,0,0,0,0,28,6,4.02085512047121,0,-1,1,0,0,0,0,0,0,0,0
115,0,0,3,11,0,0,0,0,0,18,77,20,4.584273003685109,0,-1,1,25,113,1,16,0,0,0,0
33,0,1,2,0,0,0,0,0,0,5,22,6,4.430313437343593,1,-1,1,0,0,0,0,0,0,0,1
74,0,1,3,3,0,0,0,0,0,5,57,12,4.430416331956727,0,-1,1,34,377,1,90,0,0,2,0
77,0,0,1,0,0,0,0,0,0,14,56,7,4.537247216966655,0,-1,1,0,0,0,0,0,0,0,1
18,0,0,1,0,0,0,0,0,0,0,14,4,3.6835423624332306,0,-1,1,2,0,0,5,1,0,0,0
62,0,1,2,1,0,0,0,0,0,3,50,9,4.242019247186534,0,-1,1,0,0,0,0,0,0,0,0
56,0,1,2,3,0,0,0,0,0,0,46,10,4.349341698990737,0,-1,1,13,50,1,21,0,0,0,0
53,0,3,4,3,0,0,0,1,0,9,33,11,4.187378181134056,1,-1,1,0,0,0,0,0,0,0,1
27,0,0,1,0,0,0,0,0,0,0,22,5,3.9582291686698796,0,-1,1,40,22,1,30,0,0,0,0
84,0,7,8,1,0,0,0,0,0,4,66,14,4.388834342272358,0,-1,1,0,0,0,0,0,0,0,1
56,0,0,1,1,0,0,0,0,0,0,46,10,4.181719878492295,0,-1,1,0,0,0,0,0,0,0,1
552,0,1,5,24,0,0,0,1,0,198,286,68,5.116324093262378,1,-1,0,0,0,0,7,0,0,1,0
